"tituloBusqueda","precio","precioLista","imgProducto"
"Xbox Series X Edición Digital 1TB",".00","N/A","https://m.media-amazon.com/images/I/51Mw7v+LnOL._AC_UL320_.jpg"
"Xbox Series X - 1TB Digital Edition","12,257..58","N/A","https://m.media-amazon.com/images/I/51mwv0GwH2L._AC_UL320_.jpg"
"PlayStation®5 (Modelo Slim) - Pack con 2 Juegos - Digital","8,480..67","$11,999.00","https://m.media-amazon.com/images/I/71guH5My1xL._AC_UL320_.jpg"
"Xbox Series X 1TB Consola - Versión Internacional",".00","N/A","https://m.media-amazon.com/images/I/616klipzdtL._AC_UL320_.jpg"
"PlayStation®5 (Modelo Slim) - Pack con 2 Juegos - Standard","10,731..27","$14,499.00","https://m.media-amazon.com/images/I/71WR45NFLgL._AC_UL320_.jpg"
"Xbox Series X – 1TB Digital Edition",".00","N/A","https://m.media-amazon.com/images/I/51bcwM0qLaL._AC_UL320_.jpg"
"Xbox Core Control Inalambrico – Carbon Black – Xbox Series X|S, Xbox One, Windows PC, Android, and iOS",".00","N/A","https://m.media-amazon.com/images/I/61qX3f8v5kL._AC_UL320_.jpg"
"Xbox Series S 512GB (Versión Internacional) - Series S Internacional Edition",".00","N/A","https://m.media-amazon.com/images/I/61QKAlzPSfL._AC_UL320_.jpg"
"Microsoft New Series X Xbox","17,090..04","$1,424.17","https://m.media-amazon.com/images/I/71AbYCAvr-L._AC_UL320_.jpg"
"Xbox Consola Series S digital de 512 GB - Robot White - Nacional Edition",".00","N/A","https://m.media-amazon.com/images/I/61wgsQ6bGtL._AC_UL320_.jpg"
"Seagate STJR1000400 Tarjeta de expansión de Almacenamiento para Xbox Series X|S Unidad de Estado sólido de 1 TB - SSD de expansión NVMe para Xbox Series X|S, Gris","3,048..91","$5,999.00","https://m.media-amazon.com/images/I/61MGrHUMWzL._AC_UL320_.jpg"
"PowerA Control Alámbrico para Xbox Series X|S - Negro - Standard Edition","751..06","$799.00","https://m.media-amazon.com/images/I/81nGpi7MaqL._AC_UL320_.jpg"
"Control inalámbrico – Carbon Black para Xbox Series X|S, Xbox One, y dispositivos Windows","969..00","$1,649.00","https://m.media-amazon.com/images/I/615KnbjRmTL._AC_UL320_.jpg"
"Control inalámbrico Xbox - DOOM: The Dark Ages Edición Limitada, para Xbox Series X|S, Xbox One, PCs y dispositivos compatibles con la nube",".00","N/A","https://m.media-amazon.com/images/I/61S3fsMmZ1L._AC_UL320_.jpg"
"Logitech G920 Driving Force Volante de Carreras y Pedales Ajustables para Xbox Series X|S, Xbox One, PC, Color Negro","4,536..45","$7,999.00","https://m.media-amazon.com/images/I/61ZkylNXdkL._AC_UL320_.jpg"
"Audífonos Inalámbricos Xbox -Para Xbox Series X|S, Xbox One Y Dispositivos Windows","2,390..00","$2,599.00","https://m.media-amazon.com/images/I/71a4QQm1OqL._AC_UL320_.jpg"
"Consola Xbox Series S 1tb Robot White","7,471..00","$8,599.00","https://m.media-amazon.com/images/I/61yrs2DshBL._AC_UL320_.jpg"
"Dust Cover para Xbox Series X, Xbox Series X Accesorios con 8 Tapones de Silicona y 4 Mallas de PVC, Kit de Protección Contra El Polvo","169..14","$199.00","https://m.media-amazon.com/images/I/71dh-JP5pML._AC_UL320_.jpg"
"Wirless Controller: Doom The Dark Ages for Xbox Series X","2,252..19","$187.68","https://m.media-amazon.com/images/I/71ehTh38k7L._AC_UL320_.jpg"
"Seagate Tarjeta de expansión de Almacenamiento para Xbox Series X|S 2TB Unidad de Estado sólido - SSD de expansión NVMe para Xbox Series X|S (STJR2000400)","4,733..00","$5,999.00","https://m.media-amazon.com/images/I/81Vt8SIjsZL._AC_UL320_.jpg"
"Elden Ring Nightreign -Xbox Series X","939..00","$95.30","https://m.media-amazon.com/images/I/81vEznaiDqL._AC_UL320_.jpg"
"Gaming Vertical Stand with USB Ports for Xbox Series X Console Accessories, Luckit RGB Cooling Stand Compatible with Xbox Series X Digital Edition & Disc Drive Edition","399..99","$133.33","https://m.media-amazon.com/images/I/61vND2ObuPL._AC_UL320_.jpg"
"Tecnu Funda Antipolvo para Consola Xbox Series X Funda Protectora Impermeable para Consola Xbox Series X Cubierta Prueba del Polvo para Xbox Series X Funda","229..00","$23.24","https://m.media-amazon.com/images/I/512TOx+WY3L._AC_UL320_.jpg"
"Silent Hill F para Xbox Series X","1,529..10","N/A","https://m.media-amazon.com/images/I/81swsMHOwLL._AC_UL320_.jpg"
"UGREEN Cable Ethernet Cat 8 de 2 m, trenzado de alta velocidad de 40 Gbps, 2,000 MHz, RJ45, blindado, para interiores, cables LAN para PC de juegos, PS5, PS4, PS3, Xbox, módem, router","227..00","$28.38","https://m.media-amazon.com/images/I/71Nlkwo94fL._AC_UL320_.jpg"
"Razer BlackShark V2 X Auriculares para Xbox: Diafragmas de 50mm - Micrófono Cardioide - Ligero - Almohadillas Aislantes de Ruido - para Xbox Series X, Series S, PS5, PC, 3.5mm - Negro","1,029..00","$1,499.00","https://m.media-amazon.com/images/I/71Xm6MlvwfL._AC_UL320_.jpg"
"LSHSXPX Dust Cover para Xbox Series X - Kit de Protección Contra El Polvo con 8 Tapones de Silicona y 4 Mallas de PVC - Accesorios para Xbox","169..00","$17.15","https://m.media-amazon.com/images/I/71stNJmJjhL._AC_UL320_.jpg"
"Microsoft Xbox Series X Halo Infinite Limited Edition 1TB consola de juegos – 8X Cores Custom Zen 2 CPU, RDNA 2 GPU, 16GB GDDR6 RAM, 4K UHD Blu-Ray, 802.11AC WiFi, Ethernet, verdadera resolución 4K - TIEANF",".00","N/A","https://m.media-amazon.com/images/I/718m8Cn+oiL._AC_UL320_.jpg"
"RYEWGRV Cable de Alimentación Universal 2 Clavijas, 2PCS Cable de Alimentación Xbox Series X, 18 AWG, 1.5M, Compatible con TV, PS4 y Xbox One S/X, Parlantes y Impresoras(Negro)","199..00","$20.19","https://m.media-amazon.com/images/I/61Tf9JNqF+L._AC_UL320_.jpg"
"Seagate Disco Duro Externo portátil para Xbox 2 TB – USB 3.2 Gen 1, Negro con Barra LED Verde incorporada, Certificado Xbox, Servicios de Rescate de 3 años (STKX2000400)","1,928..00","$2,095.04","https://m.media-amazon.com/images/I/61tN1FcbtcL._AC_UL320_.jpg"
"Consola Xbox Series S 512 GB de Microsoft: Videojuego Digital de Próxima Generación","6,544..00","$7,299.00","https://m.media-amazon.com/images/I/512FeQVtq9L._AC_UL320_.jpg"
"Consola de consola de juegos Xbox Series X de 1 TB + 1 controlador inalámbrico, compatible con miles de juegos, rendimiento fino, juegos 4K verdaderos, hasta 120 FPS - Cable HDMI Henhigh","28,751..05","$2,395.92","https://m.media-amazon.com/images/I/71aBXvHYUpL._AC_UL320_.jpg"
"Microsoft Xbox Consola Series X 1TB - Versión Nacional",".00","N/A","https://m.media-amazon.com/images/I/61eYoSqkHnL._AC_UL320_.jpg"
"Baterías Recargables 4x2600mAh para Xbox Series X/S y One S/X con Estación de Carga Rápida - Paquete de Batería para Control Xbox","499..00","$50.64","https://m.media-amazon.com/images/I/71QgCc0qnvL._AC_UL320_.jpg"
"Razer Wolverine V2 - Control con cable para Xbox Series X|S, Xbox One, Xbox 360, PC, Blanco","1,172..00","$2,699.00","https://m.media-amazon.com/images/I/7111lwhiujL._AC_UL320_.jpg"
"Microsoft RRT-00001 Xbox Series X 1TB SSD Gaming Console with Dual Controllers Bundle with 3 YR CPS Enhanced Protection Pack","26,846..46","$2,237.20","https://m.media-amazon.com/images/I/51O3n+m0pLL._AC_UL320_.jpg"
"Xbox Core Wireless Gaming Controller – Robot White– Xbox Series X|S, Xbox One, Windows PC, Android, and iOS","1,114..00","$1,499.00","https://m.media-amazon.com/images/I/61bh+T2v7SL._AC_UL320_.jpg"
"Xbox Series X 1Tb Version Japones",".00","N/A","https://m.media-amazon.com/images/I/51dF6ZxJIyL._AC_UL320_.jpg"
"Consola Xbox Series X 1TB Más un Control Adicional Color Pulse Red (Versión Internacional)",".00","N/A","https://m.media-amazon.com/images/I/616cvWtvInL._AC_UL320_.jpg"
"Next Gen Console Bundle - Xbox Series X 1TB + 8K Premium HDMI Cable - 4 feet- 48Gbps Hight Speed HDR for Gaming Console (Renewed)",".00","N/A","https://m.media-amazon.com/images/I/21FQ6LU2BOL._AC_UL320_.jpg"
"Xbox Series X Console (Renewed)",".00","N/A","https://m.media-amazon.com/images/I/51jKdIMGCsL._AC_UL320_.jpg"
"Microsoft Consola Xbox Series X 1TB con Control Adicional Color Robot White (Versión Internacional)",".00","N/A","https://m.media-amazon.com/images/I/41V0hcFZtnL._AC_UL320_.jpg"
"Zeust 2021 Xbox Series S 512GB All-Digital Bundle - Includes the Xbox Series Series S Console 512 GB Refurbished, Wireless Controller & 1 Microfiber Cloth (Renewed)","7,788..30","N/A","https://m.media-amazon.com/images/I/61N9cUK98eL._AC_UL320_.jpg"
"A Plague Tale Collection (Xbox Series X) - Colección Edition","1,180..99","N/A","https://m.media-amazon.com/images/I/71x0wduB1KL._AC_UL320_.jpg"
"Carga y Juega Xbox Series S, OIVO Baterías Recargables para Series X/S and Xbox One S/X/Elite, 4 Baterías de 1500 mAh con Estación de Carga Rápida para Control Xbox","639..00","$159.75","https://m.media-amazon.com/images/I/71k1JTIswpL._AC_UL320_.jpg"
"Logitech G29 Driving Force Volante de Carreras y Pedales, Force Feedback, Aluminio Anodizado, Palancas de cambio, Volante de Cuero, Pedales Ajustables, PS5, PS4, PS3 y PC - Negro","4,065..86","$7,999.00","https://m.media-amazon.com/images/I/61qrYOdAH-L._AC_UL320_.jpg"
"Tecnu Funda Antipolvo para Consola Xbox Series X Funda Protectora Impermeable para Consola Xbox Series X Cubierta Prueba del Polvo para Xbox Series X Funda","229..00","$23.24","https://m.media-amazon.com/images/I/512TOx+WY3L._AC_UL320_.jpg"
"Xbox Series X 1TB Consola Versión Internacional",".00","N/A","https://m.media-amazon.com/images/I/41dESRHp4IL._AC_UL320_.jpg"
"WUCHANG: Fallen Feathers Day 1 Edition - Xbox Series X","1,199..00","N/A","https://m.media-amazon.com/images/I/815SO37rATL._AC_UL320_.jpg"
"Xbox Play & Charge: Batería recargable + Cable USB-C","419..00","$139.66","https://m.media-amazon.com/images/I/61fiAwC30KL._AC_UL320_.jpg"
"Control Inalámbrico Xbox Sky Cipher - Edición Limitada","1,596..61","$2,126.39","https://m.media-amazon.com/images/I/71-HXRRPsGL._AC_UL320_.jpg"
"Elden Ring Nightreign Deluxe Edition Amazon exclusive -Xbox Series X","1,399..00","$141.99","https://m.media-amazon.com/images/I/81vEznaiDqL._AC_UL320_.jpg"
"ERJIRO Cable de alimentación Universal de 2 Clavijas Compatible con Televisiones, PS4 y Xbox One S/X Interlock Universal 16 AWG 1,50m.","119..00","$12.07","https://m.media-amazon.com/images/I/51Hiya9RTwL._AC_UL320_.jpg"
"Para Xboxone/X/S/Elite Racing Games Mini volante de impresión 3D rueda de control auxiliar juego joystick simulador Gamepad (plata)","283..84","$28.80","https://m.media-amazon.com/images/I/41oW0a+VmbL._AC_UL320_.jpg"
"Ladieshow Kit de Botón Completo de Repuesto para Xbox Series X/S - RT LT RB LB ABXY Juego de Botones de Controlador - Kit de Accesorios (Ferroso)","169..99","$17.25","https://m.media-amazon.com/images/I/61PlrInCKKL._AC_UL320_.jpg"
"Razer Universal Quick Charging Stand for Xbox Electric Volt, Verde","668..61","$816.83","https://m.media-amazon.com/images/I/714yozsk+2L._AC_UL320_.jpg"
"Audífonos Recon 50X para Xbox One, PS4 y PC","663..54","$1,099.00","https://m.media-amazon.com/images/I/71laLBjzd8L._AC_UL320_.jpg"
"Amzatek 4x2600mAh Pilas Recargables Xbox con estación de Cargador rápido,Paquetes de baterías para Driver Xbox con luz LED,para Xbox One/S/X/Elite/X|S Series","519..00","$569.00","https://m.media-amazon.com/images/I/71kuhcR64CL._AC_UL320_.jpg"
"Xbox Series X 1TB Negro (renovado)",".00","N/A","https://m.media-amazon.com/images/I/51hV2qz3WuL._AC_UL320_.jpg"
"Xbox Series S Console - White 1TB - driver serie S 1TB + Edition","10,699..00","$1,085.94","https://m.media-amazon.com/images/I/61QKAlzPSfL._AC_UL320_.jpg"
"Razer Wolverine V2 Chroma - Mando para juegos con cable para Xbox Series X: iluminación RGB, botones de acción táctiles y D-Pad - Modo de disparador de cabello con interruptores de parada de gatillo","1,748..31","$291.41","https://m.media-amazon.com/images/I/71fAlgJnP5L._AC_UL320_.jpg"
"TYWGZVZ Cargador Compatible con Control Xbox Series S/X y Xbox One S/X/Elite, Kit Carga y Juega Xbox Series S/X, con 2 Baterias/Pilas Recargables 1800mah para Control Xbox One S/X/Elite y Series S/X","498..00","$50.54","https://m.media-amazon.com/images/I/71UCDrPak7L._AC_UL320_.jpg"
"PowerA Control alámbrico Advantage para Xbox Series X|S - Camuflaje púrpura, controlador para videojuegos con cable, USB-C, Autorizado y con licencia oficial de Xbox - Camuflaje púrpura Edition","754..11","$828.69","https://m.media-amazon.com/images/I/71barLK9AeL._AC_UL320_.jpg"
"OIVO Carga y Juega Xbox One, Cargador Control para Xbox Series X/S and Xbox One S/X/Elite, Estación de Carga Xbox con 2 Baterías Recargables","424..00","$530.00","https://m.media-amazon.com/images/I/61bZz3bBn-L._AC_UL320_.jpg"
"MICROSOFT XBOX SERIES S 1TB BLANCO","9,099..00","$923.54","https://m.media-amazon.com/images/I/61OrLB3+3YL._AC_UL320_.jpg"
"Monster Hunter Wilds Steel Book Edition - Xbox Series X","2,107..75","$123.65","https://m.media-amazon.com/images/I/81Nc29xojqL._AC_UL320_.jpg"
"HyperX CloudX Stinger 2 Core Negro - Audífonos supraaurales livianos con micrófono para Xbox - Series S, X - One","1,018..99","$103.42","https://m.media-amazon.com/images/I/71M4OI4Z-sL._AC_UL320_.jpg"
"Xbox Series X (Renewed Premium)",".00","N/A","https://m.media-amazon.com/images/I/51ojzJk77qL._AC_UL320_.jpg"
"Ladieshow Kit de Botón Completo de Repuesto para Xbox Series X/S - RT LT RB LB ABXY Juego de Botones de Controlador - Kit de Accesorios (Ferroso)","169..99","$17.25","https://m.media-amazon.com/images/I/61PlrInCKKL._AC_UL320_.jpg"
"ZUGZWANG Estación De Carga Dual para Controles de Xbox/Compatible con Consolas Xbox Versiones Xbox One/One S/One X/Xbox Series S/X/Baterías Incluidas, Incluido 2 Baterías de 1200 MAH (Blanco)","476..10","$529.00","https://m.media-amazon.com/images/I/51xsvTu4AVL._AC_UL320_.jpg"
"RadioShack | Consola Digital Xbox Series X 1TB SSD Blanco | Jugabilidad 120 FPS, 4K Ultra HD | Incluye Control Inalámbrico y Cable HDMI | Para Amantes del Gaming y Consolas Xbox Series",".00","N/A","https://m.media-amazon.com/images/I/41vU3znKFfL._AC_UL320_.jpg"
"Halo Infinite - Xbox Series X & Xbox One","649..00","$65.87","https://m.media-amazon.com/images/I/81nWynmiDPL._AC_UL320_.jpg"
"COME Soporte de Montaje en Pared para Consola Xbox SeriesX, Soporte Vertical de Consola, Diseño de Ventilación, con Accesorios Adjuntos, Soporte Vertical de Pared de Metal Completo","375..25","$38.08","https://m.media-amazon.com/images/I/611s0wvMd3L._AC_UL320_.jpg"
"Xbox Series X - Diablo IV Bundle",".00","N/A","https://m.media-amazon.com/images/I/61tSuIV9mML._AC_UL320_.jpg"
"Torre de almacenamiento de juegos, Soporte universal para juegos, Soporte Multifuncional de Almacenamiento, Soporte para Controlador Auricular Compatible con PS5, PS4, Xbox One, Xbox Series X/S","379..00","$38.46","https://m.media-amazon.com/images/I/711urGuFRcL._AC_UL320_.jpg"
"Meanton Cubierta Antipolvo para Consola Xbox Series X, Funda Protectora Impermeable para Consola Xbox Series X, Cubierta Prueba del Polvo para Xbox Series X Funda, Negro","199..99","$20.29","https://m.media-amazon.com/images/I/61UxzZbceHL._AC_UL320_.jpg"
"Logitech G923 TRUEFORCE Volante de Carreras y Pedales hasta 1000Hz Force Feedback, Pedales Personalizables, Embrague Dual, Volante Cubierto de Cuero Auténtico para Xbox Series X|S & One, PC - Negro","5,595..12","$567.90","https://m.media-amazon.com/images/I/61jeJyRih9L._AC_UL320_.jpg"
"Xbox Series X – 1TB Digital Edition (Reacondicionado)",".00","N/A","https://m.media-amazon.com/images/I/51bcwM0qLaL._AC_UL320_.jpg"
"Kammoy Dust Cover para Xbox Series X,Accesorios Xbox Series X, Kit de Protección contra El Polvo con 4 Mallas de PVC","49..00","N/A","https://m.media-amazon.com/images/I/71DfQjZNeuL._AC_UL320_.jpg"
"Mafia: The Old Country para Xbox Series X","1,249..00","N/A","https://m.media-amazon.com/images/I/81Fih-Hn4ML._AC_UL320_.jpg"
"Turtle Beach Recon Control Alámbrico para Xbox Series X & Xbox Series S, Xbox One & Windows 10 PCs - Negro","1,239..54","$1,399.00","https://m.media-amazon.com/images/I/71mNZ4bcC9L._AC_UL320_.jpg"
"JDGPOKOO Soporte de Pared con Ventilador para Xbox Serie X, Kit de Soporte de Pared 4 en 1 para Xbox Serie X, Ventilador de 3 Velocidades de Bajo Ruido con Tira de Luz RGB e Interruptor Táctil, 3 USB","797..99","$265.99","https://m.media-amazon.com/images/I/61Rm4CMQatL._AC_UL320_.jpg"
"G-STORY Monitor portátil de 14 pulgadas para Xbox Series X 4K Monitor portátil de juegos Pantalla IPS para Xbox Series X (no incluido) con dos HDMI, HDR, modo de juego Freesync de viaje (14 pulgadas y","8,951..23","N/A","https://m.media-amazon.com/images/I/61Fj2FUdSSL._AC_UL320_.jpg"
"Xbox Series X (reconditionné)",".00","N/A","https://m.media-amazon.com/images/I/61BVvNo8E-L._AC_UL320_.jpg"
"Kammoy Batería Recargable para Xbox, Charge Kit 1400mAh Capacidad Carga con 9 Ft USB Type-C Cable Compatible con Xbox Series X/S Controllers","398..00","$40.39","https://m.media-amazon.com/images/I/71H0Y-cvxBL._AC_UL320_.jpg"
"G.S.Tac Edge Compatible with Skin Xbox Series X/S Controller, Anti-Slip Silicone Protective Cover Skin Case with 2 Thumb Grip Caps","329..99","$33.49","https://m.media-amazon.com/images/I/61hJuD3wR7L._AC_UL320_.jpg"
"Razer BlackShark V2 X Gaming Headset: 7.1 Surround Sound - 50mm Drivers - Memory Foam Ear Cushions - For PC, PS5, PS4, Switch, Xbox One, Xbox Series X|S, Mobile - 3.5mm Audio Jack - Green","878..00","$89.11","https://m.media-amazon.com/images/I/71mzxWaotaL._AC_UL320_.jpg"
"QIKKOP Filtro de Polvo para Xbox Series X, Dust Cover para Consola Xbox Series X, Cubierta de Filtro de Polvo para Ventilación y Parte Superior con 8 Tapones de Silicona y 4 Mallas de PVC",".00","N/A","https://m.media-amazon.com/images/I/81fa-ZFHhoL._AC_UL320_.jpg"
"Xbox Xbx System: X 1Tb Robot White for Xbox Series X","13,499..99","$1,370.24","https://m.media-amazon.com/images/I/51bcwM0qLaL._AC_UL320_.jpg"
"Soporte para Xbox Series X/S, LSHSXPX Xbox Series X Accesorios Xbox Series S, Ventilador Xbox Series S con 3 Puertos USB y 11 Games Storage Organizer, Aplicable a la serie Xbox Series X/S","499..00","$50.64","https://m.media-amazon.com/images/I/61xyQDcettL._AC_UL320_.jpg"
"Control inalámbrico – Velocity Green para Xbox Series X|S, Xbox One, y dispositivos Windows","1,649..00","$167.37","https://m.media-amazon.com/images/I/61VbAM1xV2L._AC_UL320_.jpg"
"playvital Lindo Demonio Funda de Silicona para Xbox Series X/S Mando, Kawaii Funda para Xbox Core Controlador, Protector con Pegatina & Tapas para Pulgares - Violeta","254..15","$299.00","https://m.media-amazon.com/images/I/61hsybeWzaL._AC_UL320_.jpg"
"EXtremeRate PlayVital 3D Tachonado Diseño Funda de Silicona Antideslizante para Xbox Series X Mando, Funda Suave de Protección para Xbox Series S Mando con 6 Tapas de Joysticks - Negro","269..00","$27.30","https://m.media-amazon.com/images/I/71m9AhWMsyL._AC_UL320_.jpg"
"eXtremeRate Flexor Agarre de Goma con Trigger Stop Kit para Xbox Series X/S Control Carcasa de Grip Antideslizante Quickshot Gatillos Ergonómico para Xbox Core Mando-Diamante Textura(Negro)","287..20","$359.00","https://m.media-amazon.com/images/I/61D9koin+pL._AC_UL320_.jpg"
"PowerA FUSION Pro Wireless Controller for Xbox Series X|S with Lumectra™","3,150..00","$3,750.00","https://m.media-amazon.com/images/I/81rcx2yWUOL._AC_UL320_.jpg"
"HORI Overdrive - Volante para Xbox Series X|S, Xbox One y Windows 10 - Edición Estándar - Standard Edition","2,644..29","$4,079.00","https://m.media-amazon.com/images/I/61dSGJoHybL._AC_UL320_.jpg"
"Turtle Beach Stealth 600 Xbox Series X, PC & Switch - Negro","2,199..00","$223.19","https://m.media-amazon.com/images/I/712KUaxD9+L._AC_UL320_.jpg"
"Razer BlackShark V2 X Auriculares para Juegos: Sonido Envolvente 7.1 - Controladores de 50 mm - para PC, Mac, PS4, PS5, Switch, Xbox One, Xbox Series X|S, Móvil - Conector de Audio de 3.5 mm - Blanco","899..00","$91.24","https://m.media-amazon.com/images/I/71MGiPTwXAL._AC_UL320_.jpg"
"Microsoft | Consola Xbox Series S con 3 meses de Game Pass incluidos - Edition",".00","N/A","https://m.media-amazon.com/images/I/71DyZHO4p0L._AC_UL320_.jpg"
"EXtremeRate Carcasa para Mando Xbox Series X S Accesorio Protector Placa Frontal Funda Delantera Reemplazo Kit Cubierta Cover Shell para Control de Xbox Series S X-No Incluye Mando(Negro Dorado Plata)","305..15","$359.00","https://m.media-amazon.com/images/I/71AhHgCjXsL._AC_UL320_.jpg"
"ASHATA Unidad de Fuente de Alimentación para la Fuente de Alimentación Interna Original de Repuesto de la Consola Series X, 100-240 V","1,214..00","$123.22","https://m.media-amazon.com/images/I/61pc7zM8hwL._AC_UL320_.jpg"
"Vimi Kit Cargador Y 2 Baterias Recargable para Control Compatible Xbox One Serie X/s","259..00","$26.28","https://m.media-amazon.com/images/I/61jK9jEHJ0L._AC_UL320_.jpg"
"Seagate Tarjeta de expansión de Almacenamiento Xbox Series X|S, 1TB, SSD, NVMe Expansion SSD (STJR1000400)","2,830..88","N/A","https://m.media-amazon.com/images/I/61MGrHUMWzL._AC_UL320_.jpg"
"Ventilador de refrigeración para consola de juegos con 2 ventiladores de alta velocidad, interruptor táctil, interfaz USB, bajo nivel de ruido, compatible con Series X","301..99","$30.65","https://m.media-amazon.com/images/I/41Fnbap46uL._AC_UL320_.jpg"
"Consola de Juego Fuente de Alimentación Consola de Juego Adaptador de Potencia Reemplazo de 100 a 127V 200 a 240V para la Serie X","1,189..00","$120.68","https://m.media-amazon.com/images/I/618FG-M1TLL._AC_UL320_.jpg"
"playvital Sweetheart Kitty Funda de Silicona Compatible con Xbox Series X/S, Protector de Goma Suave con Agarre Antideslizante para Xbox Core Mando - Blanco","424..15","$499.00","https://m.media-amazon.com/images/I/612VLOEPNML._AC_UL320_.jpg"
"Beedove Audifonos Gamer con luz led, Headset Gamer, Auriculares con Microfono Estéreo, Audifonos con Micrófono Diadema para audifonos Xbox Series x / PS5 / PS4 / PC/Mac Nintendo Switch(Rojo)","449..10","$499.00","https://m.media-amazon.com/images/I/61hqyeQ0uhL._AC_UL320_.jpg"
"Vimi Kit Cargador Y 2 Baterias Recargable para Control Compatible Xbox One Serie X/s","259..00","$26.28","https://m.media-amazon.com/images/I/61jK9jEHJ0L._AC_UL320_.jpg"
"Seagate Tarjeta de expansión de Almacenamiento Xbox Series X|S, 1TB, SSD, NVMe Expansion SSD (STJR1000400)","2,830..88","N/A","https://m.media-amazon.com/images/I/61MGrHUMWzL._AC_UL320_.jpg"
"Ventilador de Refrigeración para , Ventilador de Refrigeración de Alta Velocidad con 13 Luces RGB para Series X, de Refrigeración de Filtro de Polvo de bajo","611..10","$734.00","https://m.media-amazon.com/images/I/6152oeTtfIL._AC_UL320_.jpg"
"Thrustmaster T.Flight Hotas One Flight Stick - joystick oficial para XBOX y Windows, con los botones oficiales (Compatible con XBOX y PC)","2,699..00","$224.99","https://m.media-amazon.com/images/I/514tCnffsSL._AC_UL320_.jpg"
"HyperX CloudX Flight Audífonos Inalámbricos para Gaming con Licencia Oficial de Xbox","2,848..98","$289.17","https://m.media-amazon.com/images/I/61eLIOaniJL._AC_UL320_.jpg"
"Control alámbrico PowerA Advantage para Xbox Series X|S con Lumectra - Blanco, gamepad, controlador para videojuegos cableado, controlador para juegos, Xbox One, Autorizado y con licencia oficial de Xbox - Blanco Edition","1,299..00","$131.84","https://m.media-amazon.com/images/I/61QXrOXkMuL._AC_UL320_.jpg"
"Microsoft Xbox One X 1TB Console with Wireless Controller Xbox One X Enhanced, HDR, Native 4K, Ultra HD1TB consola con control inalámbrico Xbox One X Enhanced, HDR, Native 4K, Ultra HD, Negro(Reacondicionado)","6,229..99","N/A","https://m.media-amazon.com/images/I/61O60jiF30L._AC_UL320_.jpg"
"PowerA Wireless Controller for Xbox Series X|S - Fortnite SE","2,019..25","$118.46","https://m.media-amazon.com/images/I/818xvlbMu4L._AC_UL320_.jpg"
"Heayzoki para la Consola Series X Fuente de Alimentación de Repuesto Incorporada, Fuente de Alimentación Profesional Integrada Adaptador de CA Piezas de la Fuente de Alimentación para","989..00","$100.38","https://m.media-amazon.com/images/I/61saQgJgRtL._AC_UL320_.jpg"
"UGREEN Switch HDMI2.1 5 Entradas 1 Salida 8K@60Hz 4K@240Hz HDCP2.3 CEC 3D HDR Dolby Aluminio con Botón y Mando a Distancia Compatible con PC Laptop DVD PS5/4/3 Xbox Series TV Proyector Fire Stick","1,699..00","$172.44","https://m.media-amazon.com/images/I/71scEZwj-wL._AC_UL320_.jpg"
"Turtle Beach Recon 70X","1,018..99","$103.42","https://m.media-amazon.com/images/I/61X6BkkQwGL._AC_UL320_.jpg"
"PowerA Control Mejorado Inalámbrico para Nintendo Switch-Mario Pop- Standard Edition","721..26","$73.20","https://m.media-amazon.com/images/I/717sqLGjtcL._AC_UL320_.jpg"
"WOLIBEAR - Fundas magnéticas inteligentes para consola Xbox Series X, funda protectora de protección completa para accesorios Xbox Series X con piel sintética de alta calidad y forro interior suave","1,099..19","$111.56","https://m.media-amazon.com/images/I/71KqLJkqhHL._AC_UL320_.jpg"
"Dragon Quest I & II Hd-2D Remake para Xbox Series X","1,399..00","N/A","https://m.media-amazon.com/images/I/91bkyD-u5kL._AC_UL320_.jpg"
"Razer Wolverine V2 Chroma Wired Gaming Pro Controller for Xbox Series X|S, Xbox One, PC: RGB Lighting - Remappable Buttons & Triggers - Mecha-Tactile Buttons & D-Pad - Trigger Stop-Switches - White","2,648..93","$220.79","https://m.media-amazon.com/images/I/71GN9OScl6L._AC_UL320_.jpg"
"Turtle Beach Stealth 600 Xbox Series X, PC & Switch - Blanco","1,499..00","$2,099.00","https://m.media-amazon.com/images/I/71qJGcPEFDL._AC_UL320_.jpg"
"Fuente de Alimentación, para Reemplazo de Host de Series X, Adaptador de Alimentación Interno del Controlador de Juego con Cable de Alimentación, Compacto Duradero, para Mando","1,306..00","$132.55","https://m.media-amazon.com/images/I/61oqZTXB9EL._AC_UL320_.jpg"
"Razer Kaira X for Xbox - Audifonos con cable para Xbox Series X|S","1,599..00","$266.50","https://m.media-amazon.com/images/I/712KNuU4a+L._AC_UL320_.jpg"
"Genérico Joystick Refacción MAGNETICO Modulo de Repuesto Potenciometro Compatible con Control Series X, Series S y One S Pieza de Repuesto para Reparación Efecto Hall (1 Pieza)","149..00","$15.12","https://m.media-amazon.com/images/I/61xUxUz7kOL._AC_UL320_.jpg"
"WD_BLACK WDBMPH0010BNC-WCSN - Tarjeta de expansión C50 de 1 TB para Xbox","3,213..00","$326.11","https://m.media-amazon.com/images/I/71QxmOXxYVL._AC_UL320_.jpg"
"Nintendo Switch Lite - Yellow","3,379..00","$5,199.00","https://m.media-amazon.com/images/I/71q4BBqaNvL._AC_UL320_.jpg"
"eXtremeRate ASR Versión Carcasa de Goma para Xbox Series X/S Control Placa Frontal Funda Delantera Shell Cubierta con Anillos de Acento para Xbox Series S X Mando-No Incluye Mando(Rojo Escarlata)","339..15","$399.00","https://m.media-amazon.com/images/I/61Xz8E1ff4L._AC_UL320_.jpg"
"eXtremeRate Joysticks para Xbox Series S X Control Palancas Analogicos Joystick Reemplazable para Xbox One Repuesto para Pulgar Thumbsticks para Xbox One S/X/Estandard/Elite Mando(Rojo Carmín)","231..20","$289.00","https://m.media-amazon.com/images/I/61-d7wRTHqL._AC_UL320_.jpg"
"EXtremeRate Carcasa Transparente para Xbox Series X S Mando Protector Placa Frontal Funda Delantera Reemplazo Kit Cubierta Cover Shell para Xbox Series S X Control-No Incluye Mando(Verde Azul)","305..15","$359.00","https://m.media-amazon.com/images/I/71aNyTI-J6L._AC_UL320_.jpg"
"Cargador para Control Xbox Series S/X y Xbox One S/X/Elite, Kit Carga y Juega Xbox Series S/X,con 2 4800Mwh Pilas Recargables para Controlador Xbox One S/X/Elite y Series S/X, Indicador De Carga","498..00","$50.54","https://m.media-amazon.com/images/I/71FSy5I7IJL._AC_UL320_.jpg"
"Hyperkin Xenon Wired Controller (White) For Xbox Series X|S/Xbox One/Windows 10|11","1,249..18","$126.79","https://m.media-amazon.com/images/I/515sjDv6OqL._AC_UL320_.jpg"
"eXtremeRate Grips de Goma para Xbox Series X S Asa Izquierda Derecha Empuñadura Antideslizante Diamante Textura Mango Reemplazo Side Rails para Xbox Series S X Control-No Incluye Mando(Azul a Violeta)","359..00","$36.43","https://m.media-amazon.com/images/I/715R3Nr3W6L._AC_UL320_.jpg"
"Razer Kaira for Xbox - White - Wireless Headset for Xbox Series X|S","2,456..09","$2,699.00","https://m.media-amazon.com/images/I/71S32QBF5fL._AC_UL320_.jpg"
"Teclado Controlador de Juegos, para Consola Series X Series S One One S, Tablero de Chat Inalámbrico para Juegos de 2,4 Ghz, con Conector de Audio Y Auriculares de 3,5 Mm(Blanco)","366..00","$37.14","https://m.media-amazon.com/images/I/61C+O6hMwoL._AC_UL320_.jpg"
"Microsoft Xbox Series S 1T Carbon BLK","14,222..79","$1,443.61","https://m.media-amazon.com/images/I/61hwaBMvOxL._AC_UL320_.jpg"
"eXtremeRate PlayVital Guardian Edition Funda Silicona de Tacto Suave para Mando de Xbox Series X, Carcasa Antideslizante de Protección para Mando de Xbox Series S con 2 Tapas de Joysticks - Violeta","228..65","$269.00","https://m.media-amazon.com/images/I/61kT2a1U9nL._AC_UL320_.jpg"
"Cuisineer D1 Edition - Xbox Series X","1,299..00","$131.84","https://m.media-amazon.com/images/I/71AHIiOdFZL._AC_UL320_.jpg"
"AC Mirage LE Deluxe - Xbox Series X","637..98","$64.75","https://m.media-amazon.com/images/I/71SXm63pVNL._AC_UL320_.jpg"
"Base de Ventilador de Refrigeración para Consola Series X con Luces LED de 7 Colores, 2 Puertos USB 2.0 Y 1 Puerto USB 3.0, Interruptor Táctil, Ajuste de Velocidad del Aire de 3","585..00","$59.37","https://m.media-amazon.com/images/I/61MREZDFUmL._AC_UL320_.jpg"
"Reemplazo del Ventilador de Refrigeración Interno para Consolas Xbox Series X (XSX), Piezas de Reparación del Enfriador del Ventilador de Refrigeración N/P: PAAD1A451SH MF00, Cabezal de 4 Pines 12 V","463..00","$46.99","https://m.media-amazon.com/images/I/71gQIm38-wL._AC_UL320_.jpg"
"eXtremeRate Carcasa para Mando Xbox Series X S Carcasa Delantera+Carcasa de Grip Protector Brillante Empuñadura Agarre Cubierta Shell para Control de Xbox Series S X-No Incluye Mando(Dorado Cromo)","343..20","$429.00","https://m.media-amazon.com/images/I/71xMHqtxMkL._AC_UL320_.jpg"
"Maidea - Juego de 8 tapones de silicona para Xbox Series X y 2 piezas de malla de PVC, USB HDMI LAN, interfaz de driver de CD, cubierta antipolvo para consola Xbox Series X","119..00","$12.07","https://m.media-amazon.com/images/I/418na92ej+S._AC_UL320_.jpg"
"Street Fighter 6 Years 1-2 Fighters Edition for Xbox Series X","1,408..77","$234.79","https://m.media-amazon.com/images/I/912mF+VyuoL._AC_UL320_.jpg"
"Cable USB para Control Xbox One, 2,7 Metros, Negro","149..00","$15.12","https://m.media-amazon.com/images/I/51g-2UNyxRL._AC_UL320_.jpg"
"Cubierta Antipolvo para Consola Xbox Series X, Funda Contra Polvo y Protectora Antipolvo Anti-Agua, Protector de Polvo Xbox Series X con Puerto de Cable de Fácil Acceso, Estuche Negro",".00","N/A","https://m.media-amazon.com/images/I/51+LkpkBB-L._AC_UL320_.jpg"
"Asus ROG Ally versión USA / AMD Ryzen™ Z1 Extreme / 16GB de RAM / 512GB SSD /16GB RAM - Windows","12,681..68","$1,287.19","https://m.media-amazon.com/images/I/51RKCRsELiL._AC_UL320_.jpg"
"Ventilador de Refrigeración para Consola Series X, Ventilador Externo USB 3.0 con 3 Velocidades de Viento, Enfriador de Consola de Juegos con Luces LED, 12 W, 5 V, 3 Puertos USB,","633..00","$64.24","https://m.media-amazon.com/images/I/51D4DZ49A9L._AC_UL320_.jpg"
"Logitech G Astro A30 Lightspeed Audífonos para Gaming, Bluetooth, Dolby Atmos, Mic Desmontable, Batería 27h, Carga USB-C, para Xbox, Nintendo Switch, PC, Android - Azul","3,446..93","$287.29","https://m.media-amazon.com/images/I/71x2Re-GnbL._AC_UL320_.jpg"
"UGREEN 4K@60Hz Capturadora de Video, HDMI a USB C Tarjeta de Captura Full HD 1080P@120Hz, USB 3.0 con VRR y HDR para Transmisión, Juegos, Compatible con Switch, PS5 PS4 Xbox Series X/S, DSLR Camera","1,999..00","$333.16","https://m.media-amazon.com/images/I/71b4+xxcl5L._AC_UL320_.jpg"
"EA Sports F1 25 - Xbox Series X","1,619..00","$1,799.00","https://m.media-amazon.com/images/I/71L1LisrZkL._AC_UL320_.jpg"
"ZAONOOL Soporte de pared para Xbox Series X – con 2 soportes para driver y 1 soporte para auriculares, kit de montaje en pared para accesorios Xbox Series X, estante de pared con diseño de ventilación doble,","1,124..41","$114.12","https://m.media-amazon.com/images/I/71UB-T9bPCL._AC_UL320_.jpg"
"Teclado Controlador de Juegos, para Series X Series S One One S Gamepad, Teclado Inalámbrico Chatpad de 2,4 Ghz, con Conector de Audio Y Auriculares de 3,5 Mm(Blanco)","318..00","$396.00","https://m.media-amazon.com/images/I/61C+O6hMwoL._AC_UL320_.jpg"
"playvital Edición Escorpión Funda de Silicona Bicolor para Xbox Series X/S Controlador, Carcasa de Goma Suave para Xbox Core Mando con Tapas para Pulgar - Violeta & Verde","299..00","$30.34","https://m.media-amazon.com/images/I/61SwG1gKr2L._AC_UL320_.jpg"
"Ventilador de Enfriamiento Interno Kimiss Premium para Series X, Disipación de Calor Tranquila y Rápida, Accesorios de Juego de Reemplazo - Ideal para Sesiones de Juegos Más Largas","339..00","$34.40","https://m.media-amazon.com/images/I/515rcsaYCTL._AC_UL320_.jpg"
"X Box Serie X Polvo La Consola, Anti Rascadro Impermeable Manguito, Protección Polvo Forro Suave para Serie X Console, Thicke Polvo A Prueba Alcance Cubierta La Cubierta","254..23","$25.80","https://m.media-amazon.com/images/I/71QzYtzaQ-L._AC_UL320_.jpg"
"Ladieshow Kit de Botón Completo de Repuesto para Xbox Series X/S - RT LT RB LB ABXY Juego de Botones de Controlador - Kit de Accesorios (Azul)","175..99","$17.86","https://m.media-amazon.com/images/I/61qWQ6H6CWL._AC_UL320_.jpg"
"Hzxkqmil Carcasa Trasera de Repuesto para Xbox Series X/S Control, Funda Tacto Suave Engomado Cubierta Posterior y Rieles Laterales para Xbox Core Mando (Negro)","569..24","$189.74","https://m.media-amazon.com/images/I/51ovAhMd08L._AC_UL320_.jpg"
"Dragon Age: The Veilguard - Edición Standard - Xbox Series X","673..51","$1,189.00","https://m.media-amazon.com/images/I/81uR+znXA4L._AC_UL320_.jpg"
"LED Display Auto Cooling Fan for Xbox Series X with 9 RGB Light Modes, Cooling System Adjustable by Temperature with 4 Gears for Xbox Series X Console, Cooler & Light Switch, Headset Hook, USB Port","607..24","$61.63","https://m.media-amazon.com/images/I/71yKgyQ75tL._AC_UL320_.jpg"
"Pomya Fuente de Alimentación para Consola de Juegos para Series X, Adaptador de Corriente para Consola de Juegos de Repuesto para Series X de Disipación de Calor","1,234..00","$125.25","https://m.media-amazon.com/images/I/618FG-M1TLL._AC_UL320_.jpg"
"Control inalámbrico Xbox + Cable USB-C®","1,649..00","$167.37","https://m.media-amazon.com/images/I/61rUMbRaMtL._AC_UL320_.jpg"
"Razer Kaira X Auriculares con Cable para Xbox Series X|S - Lime","1,104..66","$368.22","https://m.media-amazon.com/images/I/71YsZErfKQL._AC_UL320_.jpg"
"Control inalámbrico Xbox - Edición Especial Arctic Camo para Xbox Series X|S, Xbox One, y dispositivos Windows - Edición Limitada Edition",".00","N/A","https://m.media-amazon.com/images/I/514quylaExL._AC_UL320_.jpg"
"HORI Comandante de combate OCTA Diseñado para Xbox Series X | S ・ Xbox One de HORI StandardXbox Series X - Standard Edition","1,284..68","$214.11","https://m.media-amazon.com/images/I/61DUSCiFc7L._AC_UL320_.jpg"
"Elgato 4K X – Captura en hasta 4K144 para PS5, Xbox Series X/S, PC, iPhone 15, con HDMI 2.1, VRR, HDR10, hasta 240 fps, Compatible con PC/Mac/iPad","5,571..58","N/A","https://m.media-amazon.com/images/I/61plOXdIAjL._AC_UL320_.jpg"
"Enotria: The Last Song - Xbox Series X/S","899..00","$91.24","https://m.media-amazon.com/images/I/814xOcAOITL._AC_UL320_.jpg"
"Hyperkin Xenon Wired Controller - Red - Officially licensed Xbox 360 Controller replica for use with Xbox Series X|S, Xbox One, Windows 10|11, PC, Video Game Controller, 3.5MM Audio Jack, Impulse","1,057..72","$107.35","https://m.media-amazon.com/images/I/51WljU3dIrL._AC_UL320_.jpg"
"Control alámbrico PowerA Advantage para Xbox Series","1,659..99","$276.69","https://m.media-amazon.com/images/I/71BxfYhWTSL._AC_UL320_.jpg"
"Elgato 4K Pro – Traspaso de señal en 8K60/captura en 4K60 para PC, PS5, Xbox Series X, Captura en hasta 240 fps, con HDMI 2.1, VRR, HDR10, Compatible con PC con Windows y configuraciones con Dos PC","6,583..00","$668.17","https://m.media-amazon.com/images/I/51nAHpI-9qL._AC_UL320_.jpg"
"Halo Infinite - Steelbook® Edition – Xbox Series X and Xbox One","1,817..24","N/A","https://m.media-amazon.com/images/I/81CotWizuOL._AC_UL320_.jpg"
"WOLIBEAR - Fundas magnéticas para consola Xbox Series X, para Starfield Design Cover Skin con piel sintética de alta calidad, cierre magnético y cubierta superior para Xbox Series X, protección",".00","N/A","https://m.media-amazon.com/images/I/61rFTzYAbOL._AC_UL320_.jpg"
"Base de Refrigeración para Series X, Soporte de Refrigeración de Consola con 4 Ventiladores de Refrigeración, Estación de Carga Doble Vertical con Soporte para Auriculares,","852..00","$86.47","https://m.media-amazon.com/images/I/51L6jKWPLyL._AC_UL320_.jpg"
"Razer Vinyl Console Skin: Xbox Series X - Full Wrap - Premium 3M Cast Vinyl - Scratch Resistant - Unique Designs & Finishes - Easy Application - Black Camo","1,270..87","$211.81","https://m.media-amazon.com/images/I/71cOmngT9lL._AC_UL320_.jpg"
"Starfield Constellation Edition para Xbox Series X","5,930..94","$988.49","https://m.media-amazon.com/images/I/61bxqWu5lIL._AC_UL320_.jpg"
"DOOM: The Dark Ages - Xbox Series X - Standard Edition",".00","N/A","https://m.media-amazon.com/images/I/81q4F7mt92L._AC_UL320_.jpg"
"SteelSeries Arctis Nova Pro Wireless X - Auriculares inalámbricos para Juegos para Xbox - Sonido Arctis Signature","7,999..20","$9,599.00","https://m.media-amazon.com/images/I/71uN-j02qXL._AC_UL320_.jpg"
"MLB® The Show™ 25 Standard Edition - Xbox Series X|S [Código Digital]","1,299..00","N/A","https://m.media-amazon.com/images/I/715RHEkK2KL._AC_UL320_.jpg"
"The First Berserker: Khazan - Xbox Series X","1,869..14","$189.71","https://m.media-amazon.com/images/I/81WpCZFW5mL._AC_UL320_.jpg"
"LAYTECH Base Soporte de Pared para Xbox Series X Negro","1,200..00","$121.80","https://m.media-amazon.com/images/I/41JE5LrKnjS._AC_UL320_.jpg"
"PDP Gaming RIFFMASTER Wireless Guitar Controller for Xbox Series X|S, Xbox One, & Windows 10/11 PC, Black - Estándar. Edition","3,126..58","$183.42","https://m.media-amazon.com/images/I/41mdKhN7rfL._AC_UL320_.jpg"
"PowerA Control Mejorado Alámbrico para Xbox Series X|S - Arc Lightning - Standard Edition",".00","N/A","https://m.media-amazon.com/images/I/81hLlbiqMML._AC_UL320_.jpg"
"G-STORY Ventilateur pour Xbox Series X, ventilateur de refroidissement avec vitesse automatique réglable par température, affichage LED,3 vitesses 1500/1750/2000RPM (140MM)(Noir)","1,144..66","N/A","https://m.media-amazon.com/images/I/71LLraOoH7L._AC_UL320_.jpg"
"Audífonos alámbricos Xbox - Standard Edition",".00","N/A","https://m.media-amazon.com/images/I/610LU1iFUFL._AC_UL320_.jpg"
"Assassin's Creed Shadows - Xbox Series X","1,499..00","$1,799.00","https://m.media-amazon.com/images/I/711HIToeaGL._AC_UL320_.jpg"
"Ventilador de refrigeración a prueba de polvo para consola Xbox Series X con tira de luz colorida, filtro de cubierta antipolvo MENEEA, tapones de goma para polvo, ventilador superior de bajo ruido","1,199..00","$121.69","https://m.media-amazon.com/images/I/711VHA32kwL._AC_UL320_.jpg"
"Halloween and Ash vs Evil Dead RetroRealms Double Feature Special Edition - Xbox Series X","1,999..00","$202.89","https://m.media-amazon.com/images/I/81clsZXingL._AC_UL320_.jpg"
"Seagate Game Drive para Xbox 5TB Disco Duro Externo portátil HDD - USB 3.2 Gen 1, Negro con Barra LED Verde incorporada, Certificado Xbox, Servicios de Rescate de 3 años (STKX5000403)","3,163..45","$3,799.00","https://m.media-amazon.com/images/I/51Iz+XFbB3L._AC_UL320_.jpg"
"DOOM Anthology – Xbox Series X and Xbox One","2,499..00","$253.64","https://m.media-amazon.com/images/I/71xenrTwOML._AC_UL320_.jpg"
"PDP Control inalámbrico Victrix Pro BFG: Negro para Xbox Serie X|S, Xbox One, y Windows 10/11 PC","4,053..90","$411.47","https://m.media-amazon.com/images/I/61c70CDlfOL._AC_UL320_.jpg"
"Sniper Elite Resistance - Xbox Series X","1,499..00","$152.14","https://m.media-amazon.com/images/I/815GsMW4KLL._AC_UL320_.jpg"
"Lords of the Fallen Deluxe Edition Version 2.0 (Xbox Series X)",".00","N/A","https://m.media-amazon.com/images/I/81NTZ2lAIbL._AC_UL320_.jpg"
"CASEMATIX Estuche rígido de viaje compatible con consola Xbox Series X, controladores, auriculares y otros accesorios - Estuche de transporte impermeable y a prueba de golpes","3,446..81","$287.23","https://m.media-amazon.com/images/I/81jTcdhZubL._AC_UL320_.jpg"
"G-STORY Carrying Case for Xbox Series X S, Xbox Series X Carrying Case Travel, Travel Bag for Xbox Console, Controllers and Gaming Accessories, Included Silicone Cover Skin Protector","1,609..90","$178.87","https://m.media-amazon.com/images/I/51GwI1Ip87L._AC_UL320_.jpg"
"Consolas Xbox One (Reacondicionado)","6,711..91","N/A","https://m.media-amazon.com/images/I/61ybkGQPDrL._AC_UL320_.jpg"
"Estuche para Xbox series X, maletin de almacenamiento funda para consola de videojuegos compatible con xbox series x, case para consola de videojuegos, mochila de viaje","1,199..00","$121.69","https://m.media-amazon.com/images/I/61TauNOSHfL._AC_UL320_.jpg"
"Turtle Beach VelocityOne Universal Rudder Pedals for Windows 10 & 11 PCs, Xbox Series X, Xbox Series S, and Xbox One Featuring Smooth Rudder Axis, Adjustable Brakes and Pedal Width – Black","7,137..43","$724.44","https://m.media-amazon.com/images/I/813L5dejnXL._AC_UL320_.jpg"
"S.T.A.L.K.E.R. 2 Heart of Chornobyl Limited Edition (Xbox Series X)","1,878..24","N/A","https://m.media-amazon.com/images/I/81hqyj-ohHL._AC_UL320_.jpg"
"G-STORY Cooling Fan for Xbox Series X with Automatic Fan Speed Adjustable by Temperature, LED Display, High Performance Cooling, Low Noise, 3 Speed 1500/1750/2000RPM (140MM) with RGB LED","739..99","$246.66","https://m.media-amazon.com/images/I/7186kOYr1ML._AC_UL320_.jpg"
"Xbox Series X Replica Mini refrigerador termoeléctrico - Capacidad para hasta 12 latas",".00","N/A","https://m.media-amazon.com/images/I/61RHOk-QVbL._AC_UL320_.jpg"
"TotalMount – Wall Mount for Xbox Series X – Mounts Xbox Series X on a Wall by Your TV (Standard Bundle: Wall Mount)","864..69","$87.76","https://m.media-amazon.com/images/I/81iIE61h-rL._AC_UL320_.jpg"
"Turtle Beach Stealth Pro - Auriculares inalámbricos multiplataforma para Juegos con cancelación de Ruido para Xbox Series X|S, Xbox One, PS5, PS4, PC, Mac, Switch y móviles, Altavoces de 50 mm,","5,348..59","N/A","https://m.media-amazon.com/images/I/61y6Te90KDL._AC_UL320_.jpg"
"Microsoft Xbox Series S 512GB Game All-Digital Console + 1 Xbox Wireless1 Controller, White - 1440p Gaming Resolution, 4K Streaming Media Playback, WiFi (Renewed)","7,859..39","N/A","https://m.media-amazon.com/images/I/61Xtx4mXvvL._AC_UL320_.jpg"
"Audífonos Inalámbricos Xbox - Standard Edition","2,845..00","$237.08","https://m.media-amazon.com/images/I/618oOsLyPJS._AC_UL320_.jpg"
"Soporte de Enfriamiento Vertical para Consola Y Controlador Xbox Series X, Base de Carga de Gamepad Dual con Batería Recargable de 1400 MAh Y Ventilador Enfriador de Enfriamiento de la Serie X","747..00","$75.82","https://m.media-amazon.com/images/I/51U7ARuJL1L._AC_UL320_.jpg"
"Mviioe - Ventilador de refrigeración para Xbox Series X, soporte de refrigeración con indicador LED, ventilador turbo extragrande, puertos USB 2.0 (solo compatible con Xbox Series x)","879..43","$89.26","https://m.media-amazon.com/images/I/71eBr0Ik9EL._AC_UL320_.jpg"
"Beedove Auriculares para Juegos con luz led, Headset Gamer, Audifonos con Microfono Estéreo, Audifonos con Micrófono Diadema para audifonos Xbox Series x / PS5 / PS4 / PC/Mac Nintendo Switch(Verde)","449..10","$499.00","https://m.media-amazon.com/images/I/61J87+kf0gL._AC_UL320_.jpg"
"eXtremeRate Clicky Gatillos Flashshot Kit para Xbox Series X/S Mando Botones de Disparador Hair Trigger Stop Cable Flexible Quickfire Gatillo para Xbox Series X/S Control Modelo 1914","292..00","$365.00","https://m.media-amazon.com/images/I/61pjF9wdMjS._AC_UL320_.jpg"
"Ventilador de Enfriamiento Externo YCTZE USB con Luces RGB para Series X Game Console y Game Controller Coacher","248..00","$25.17","https://m.media-amazon.com/images/I/51CLnq6umCL._AC_UL320_.jpg"
"dalishp Ventilador de refrigeración para Consola de Juegos con 2 Ventiladores de Alta Potencia, Interruptor de Interfaz USB, bajo Nivel de Ruido, Compatible con la Serie X","278..86","$28.30","https://m.media-amazon.com/images/I/41UsZOLUdhL._AC_UL320_.jpg"
"Mviioe - Ventilador de refrigeración para Xbox Series X, soporte de refrigeración con indicador LED, ventilador turbo extragrande, puertos USB 2.0 (solo compatible con Xbox Series x)","879..43","$89.26","https://m.media-amazon.com/images/I/71eBr0Ik9EL._AC_UL320_.jpg"
"MIGHTY SKINS Skin Compatible con Xbox Series X Bundle – Paisaje galáctico | Funda Protectora, Duradera y única de Vinilo | Fácil de aplicar, Quitar y Cambiar Estilos | Fabricado en los Estados Unidos","1,241..70","$126.03","https://m.media-amazon.com/images/I/71xUsDIBm3L._AC_UL320_.jpg"
"Gotham Knights - Xbox Series X - Collector's Edition","3,738..71","$7,499.00","https://m.media-amazon.com/images/I/81RY17VpnjL._AC_UL320_.jpg"
"Ventilador de refrigeración automático superior y soporte de carga para consola Xbox Series X con 11 modos de luz, driver de accesorios, base de cargador inalámbrico, 2 baterías recargables de 1400","1,742..32","$290.38","https://m.media-amazon.com/images/I/71ggTPvWjgL._AC_UL320_.jpg"
"Xbox One 1TB Console - Limited Edition Halo 5: Guardians Bundle (Renewed)","11,111..12","N/A","https://m.media-amazon.com/images/I/71Y0pVwF-WL._AC_UL320_.jpg"
"For For Front Bumper Buttons Set Replacement Accessory Fits For X Box Series S X Controllers Analog Extended Buttons","20..38","N/A","https://m.media-amazon.com/images/I/41Z+i9baoES._AC_UL320_.jpg"
"Turtle Beach Stealth 500 Wireless Gaming Headset Licensed for Xbox Series X|S, Compatible with Xbox One, Bluetooth, PC, Mobile, 40 Hr Battery, Memory Foam Cushions, Flip-to-Mute Mic – Arctic Camo - Stealth 500 XB Edition","1,878..13","$313.02","https://m.media-amazon.com/images/I/710ApWlMchL._AC_UL320_.jpg"
"Razer Vinyl Console Skin: Xbox Series X - Full Wrap - Premium 3M Cast Vinyl - Scratch Resistant - Unique Designs & Finishes - Easy Application - Green Hex Camo","1,509..75","$251.62","https://m.media-amazon.com/images/I/815dNGY+0TL._AC_UL320_.jpg"
"Ventilador de refrigeración actualizado y soporte de carga dual para consola y driver Xbox Series X, sistema de estación de cargador para XSX con 15 luz RGB, batería recargable de 2 x 1400 mAh,","1,506..01","$251.00","https://m.media-amazon.com/images/I/71GLUIsBgML._AC_UL320_.jpg"
"Dinosoo - driver inalámbrico RGB para Xbox One Series X|S, PC, Bluetooth, 4 motores de vibración, TURBO, cristales macro, actualización con un PC antes de conectarse a Xbox","1,256..83","$209.47","https://m.media-amazon.com/images/I/71Os-iJH27L._AC_UL320_.jpg"
"Ventilador de refrigeración automática a prueba de polvo para consola Xbox Series X con tira de luz colorida, filtro de cubierta antipolvo, tapones de goma para polvo, ventilador superior de bajo","935..89","$94.99","https://m.media-amazon.com/images/I/713aF1JQUmL._AC_UL320_.jpg"
"G-STORY Cooling Fan for Xbox Series X with Automatic Fan Speed Adjustable by Temperature, LED Display, High Performance Cooling, Low Noise, 3 Speed 1500/1750/2000RPM (140MM) with RGB LED (White)","792..76","$264.25","https://m.media-amazon.com/images/I/71q6hKDRNcL._AC_UL320_.jpg"
"ASTRO Gaming A50 Wireless Headset + Base Station for Xbox Series X|S, Xbox One, PC Mac (Renewed)","3,808..51","N/A","https://m.media-amazon.com/images/I/61uDmstmhpL._AC_UL320_.jpg"
"WD_Black Tarjeta de expansión C50 de 2 TB, con Licencia Oficial para Xbox – Reanudación rápida, Plug & Play, NVMe SSD Expansión para Xbox Series X|S - WDBMPH0020BNC-WCSN","6,552..07","N/A","https://m.media-amazon.com/images/I/71QxmOXxYVL._AC_UL320_.jpg"
"Seagate Disco Duro Externo STKW8000400 8TB USB 3.2 Negro Xbox LUZ LED","4,343..56","$440.87","https://m.media-amazon.com/images/I/51Q7SrJK5fL._AC_UL320_.jpg"
"Xinying Almacenamiento La Consola Juegos Funda Protectora La Consola La Consola La Consola Xbox Serie X Consola Juegos Comfy","545..00","$594.50","https://m.media-amazon.com/images/I/71rGKvRQjJL._AC_UL320_.jpg"
"Skin Sticker for Xbox Series X, Protective Cover Wrap Vinyl Decal Compatible with Console and Wireless Controller (Black)","496..27","$50.37","https://m.media-amazon.com/images/I/611G3m72DlL._AC_UL320_.jpg"
"Membrana Conductiva Para Botones A B X Y De Control Xbox One Series S/X",".00","N/A","https://m.media-amazon.com/images/I/41ycJIXOYkL._AC_UL320_.jpg"
"eXtremeRate Victor X Remap Kit para Xbox Series X/S Mando 6 Perfiles Modos & Carcasa Trasera & Rieles Laterales Rediseñados & 4 Botones Traseros para Xbox Core-No Incluye Control(Rojo Escarlata)","743..20","$929.00","https://m.media-amazon.com/images/I/614V+u-jN4L._AC_UL320_.jpg"
"G-STORY - Monitor portátil de 14 Pulgadas para Xbox Series X 4K portátil Gaming Monitor IPS para Xbox Series S (no Incluido) con Dos HDMI, HDR, Modo de Juego Freesync de Viaje (14 Pulgadas y 4K para","8,619..24","$718.27","https://m.media-amazon.com/images/I/61Fj2FUdSSL._AC_UL320_.jpg"
"LASUK Hard Carrying Case Compatible Xbox Series X, Travel Professional bag Protective for Xbox Series X Console, Controllers, Cables and Other Accessories","1,218..50","$203.08","https://m.media-amazon.com/images/I/71rAzkKj0YL._AC_UL320_.jpg"
"Soporte de pared con soporte de carga de refrigeración para Xbox Serie X/S, Luckit Vertical Dual Controller Charger Station Compatible Xbox Serie X/S Accesorios de consola con ventilador de refrigeración, 3 puertos USB y estante para auriculares","1,429..51","$158.83","https://m.media-amazon.com/images/I/71PZpN8SexL._AC_UL320_.jpg"
"Turtle Beach VelocityOne Flight Sistema de control universal para Xbox Series X|S y Xbox One | Windows 10 PC - Xbox Series X","9,247..72","$10,554.37","https://m.media-amazon.com/images/I/710N8weaVGL._AC_UL320_.jpg"
"NACON Revolution X Unlimited Advanced Precision Controller Officially Licensed for Xbox Series X | S, Xbox One, Windows 10/11 PC & Android - Wired and Wireless - Charging Station","4,790..05","$399.17","https://m.media-amazon.com/images/I/71vi+BWnFdL._AC_UL320_.jpg"
"PGmoon Game Console Carrying Case Compatible with Xbox Series X, Portable Carry Bag with Enough Storage Rooms for Controllers, Discs, Cables, and More. (Patent Design)","1,061..53","$353.84","https://m.media-amazon.com/images/I/819m8kVl8tL._AC_UL320_.jpg"
"Avolusion PRO-Z Series 4TB USB 3.0 Disco duro externo para juegos Xbox Series X|S (blanco) (reacondicionado)","3,230..98","$327.94","https://m.media-amazon.com/images/I/416eocyiW9L._AC_UL320_.jpg"
"Cooling Fan Charging Stand for Xbox Series X, Vertical Cooler System Dual Controller Charger Station Dock with 2 x 1400mAh Rechargeable Battery & 7 Games Storage for Xbox Series X Console Accessories","1,188..84","$396.28","https://m.media-amazon.com/images/I/71CwS6L9ifL._AC_UL320_.jpg"
"XIM Matrix Multi-Input Adapter Converter for Xbox Series X/S, PS5, Xbox One, PS4, PC Negro -(MX-010269)","3,726..85","$310.57","https://m.media-amazon.com/images/I/51a+2o3zFML._AC_UL320_.jpg"
"Turtle Beach Stealth 700 Gen 2 MAX Xbox Inalambricos, Multiplataforma, Xbox Series X/S, Xbox One, PS5, PS4, Nintendo Switch y PC, Conexión 2.4ghz y Bluethooth","4,083..73","$4,999.00","https://m.media-amazon.com/images/I/71tnBS9z1KL._AC_UL320_.jpg"
"Vanknight Xbox Series X - Calcomanías de vinilo para controladores de consola Xbox Series X","345..33","$115.11","https://m.media-amazon.com/images/I/91JNmaJGDvL._AC_UL320_.jpg"
"Xbox Elite Series 2 - driver táctil suave personalizado, tacto suave, agarre añadido, color rojo metálico, compatible con Xbox One, Serie X, Serie S","5,002..81","$416.90","https://m.media-amazon.com/images/I/71xAKI7VmML._AC_UL320_.jpg"
"AUMETE Cooling Fan for Xbox Series X with LED Display, Automatic Fan Speed Adjustable by Temperature, High Performance Cooling, Low Noise Top Fan with 3 Gears 1500/1750/2000RPM (140MM) (xbox x fan)","599..99","$199.99","https://m.media-amazon.com/images/I/519zaiow-eL._AC_UL320_.jpg"
"SCUF Instinct Pro Steel Gray Custom Wireless Performance Controller for Xbox Series X|S, Xbox One, PC, and Mobile - Steel Gray - Xbox Series X","4,641..75","N/A","https://m.media-amazon.com/images/I/61Ks7rskzwL._AC_UL320_.jpg"
"LVKAYCE Hard Carrying Case Compatible with Xbox Series X, Protective Travel Bag for Xbox Series X Console, Controllers, Cables and Other Accessories","1,450..89","$161.21","https://m.media-amazon.com/images/I/71qD2ruXL3L._AC_UL320_.jpg"
"DEVASO Funda de transporte para Xbox Series X, funda impermeable profesional de lujo con forro suave para consola Xbox Series X, controladores, 2 cartuchos de juego y otros accesorios de almacenamiento, Black, Moda","2,472..44","$274.71","https://m.media-amazon.com/images/I/71B+S11DA8L._AC_UL320_.jpg"
"Assassin’s Creed Shadows - Limited Edition (Amazon Exclusive), Xbox Series X","1,864..34","$310.72","https://m.media-amazon.com/images/I/81u4Ui6KClL._AC_UL320_.jpg"
"Mcbazel Wall Mount with Cooling Fan for Xbox Series X, Xbox Series X 4 in 1 Wall Mount Kit, 3-Speed Low Noise Fan with RGB Light & 3 USB Ports, Controller & Headset Holder - Black","751..18","$250.39","https://m.media-amazon.com/images/I/6113NjiJoBL._AC_UL320_.jpg"
"HyperX CloudX Stinger 2 Core Negro - Audífonos supraaurales livianos con micrófono para Xbox - Series S, X - One","1,018..99","$103.42","https://m.media-amazon.com/images/I/71M4OI4Z-sL._AC_UL320_.jpg"
"Control inalámbrico PowerA XP-ULTRA para Xbox Series X|S para dispositivos móviles, PC y Xbox Series X|S - XP-ULTRA Edition","2,045..41","$2,960.85","https://m.media-amazon.com/images/I/71EKbU468LL._AC_UL320_.jpg"
"PGmoon - Mochila táctica de viaje compatible con Xbox Series X - Funda de transporte con habitación individual para consola, muchos bolsillos para controladores, auriculares y más (diseño de patente),","1,459..47","$162.16","https://m.media-amazon.com/images/I/71-JeiPk+lL._AC_UL320_.jpg"
"GameSir G7 SE Wired Controller for Xbox Series X|S, Xbox One & Windows 10/11, Plug and Play Gaming Gamepad with Hall Effect Joysticks/Hall Trigger, 3.5mm Audio Jack","1,194..39","$1,662.56","https://m.media-amazon.com/images/I/51iXILIT27L._AC_UL320_.jpg"
"G-STORY - Monitor Portátil de 12.5 Pulgadas para Xbox Series S, 1080P IPS, HDR, Freesync, Modo de Juego, Con Dos HDMI, Monitor de Viaje","5,380..11","$448.34","https://m.media-amazon.com/images/I/71U1IpNNdzL._AC_UL320_.jpg"
"DOYO Gaming Steering Wheel with Pedals and Shifter, 900°/ 1080° Racing Wheel, Hall Effect Pedals, Vibration Feedback, Paddle Shifters, Steering Wheel for PC, Xbox One, Xbox Series X|S, PS3 and Switch","4,161..80","$346.81","https://m.media-amazon.com/images/I/71KyN4U8MtL._AC_UL320_.jpg"
"Razer Kaira Pro for Xbox - Wireless Gaming Headset for Xbox Series X","1,735..97","$4,726.66","https://m.media-amazon.com/images/I/71LFWIhqaTL._AC_UL320_.jpg"
"eXtremeRate Carcasa para Xbox Series X S Mando Carcasa Completa Protector Placa Trasera Funda Frontal Empuñadura Agarre Botones para Control de Xbox Serie S X-No Incluye Mando(Clásico SFC SNES EU)","569..00","$669.00","https://m.media-amazon.com/images/I/61ltii61FjL._AC_UL320_.jpg"
"Call of Duty Modern Warfare III para Xbox One | Xbox Series X","1,370..00","$1,599.00","https://m.media-amazon.com/images/I/71LRg+IsTjL._AC_UL320_.jpg"
"eXtremeRate PlayVital Samurai Edition Funda de Silicona Antideslizante para Xbox Series X Mando, Funda Protectora de Goma Suave para Xbox Series S Mando con 2 Tapas de Joysticks - Blanco","228..65","$269.00","https://m.media-amazon.com/images/I/71azOrFa3IL._AC_UL320_.jpg"
"playvital Pure Series Funda de Silicona para Xbox Series X Control, Carcasa de Goma Protector Tacto Suave para Xbox Series S Mando con Tapas de Joysticks - Samurai Pragya (Violeta & Amarillo)","299..00","$30.34","https://m.media-amazon.com/images/I/71dgcs-uRfL._AC_UL320_.jpg"
"Mando a distancia para juegos XBOX ONE/For ONE SLIM/For ONE X/For Series S/For Series X (AZUL)","388..58","$39.44","https://m.media-amazon.com/images/I/41gWB23tnKL._AC_UL320_.jpg"
"de Enfriamiento Multifuncional para la Consola de la Serie X con Función Connect Más Dispositivos para Comunidad Juegos","698..00","$70.84","https://m.media-amazon.com/images/I/51JRIZrrMnL._AC_UL320_.jpg"
"Yaozher Ventilador de refrigeración para consola de juegos con 2 ventiladores de alta refrigeración, interruptor, interfaz USB, bajo nivel de ruido, Compatible con la Serie X","264..99","$26.89","https://m.media-amazon.com/images/I/41-lckyw7DL._AC_UL320_.jpg"
"Cubierta antipolvo de consola para Xbox Series S/Series X, funda protectora antiarañazos, funda protectora horizontal vertical para juegos (Serie X - vertical)","240..56","$24.41","https://m.media-amazon.com/images/I/61muw9jqPFL._AC_UL320_.jpg"
"playvital Pure Series Funda de Silicona para Xbox Series X Control, Carcasa de Goma Protector Tacto Suave para Xbox Series S Mando con Tapas de Joysticks - Samurai Pragya (Violeta & Amarillo)","299..00","$30.34","https://m.media-amazon.com/images/I/71dgcs-uRfL._AC_UL320_.jpg"
"PowerA Control Mejorado Alámbrico para Xbox Series X|S - Mass Effect N7 - Standard Edition","695..91","$999.00","https://m.media-amazon.com/images/I/81Tzm6Y6hxL._AC_UL320_.jpg"
"GameSir Kaleid Wired Controller for Xbox Series X|S, Xbox One,Windows 10/11 & Steam, Plug and Play Gaming Gamepad, Transparent Video Game Controller with Hall Effect Joysticks/Hall Trigger","1,194..50","$1,659.03","https://m.media-amazon.com/images/I/61rU5Owlk0L._AC_UL320_.jpg"
"EXtremeRate Carcasa para Mando Xbox Series X S Protector Placa Frontal Funda Delantera Reemplazo Kit Cubierta Cover Shell para Xbox Series S X Control-No Incluye Mando(Ataque Salvaje)","359..00","$36.43","https://m.media-amazon.com/images/I/71r5brRUP6L._AC_UL320_.jpg"
"Microsoft Xbox Series S 512GB SSD Console - Includes Xbox Wireless Controller - Up to 120 frames per second - 10GB RAM 512GB SSD - Experience high dynamic range - Xbox Velocity Architecture",".00","N/A","https://m.media-amazon.com/images/I/61++P0YsqtL._AC_UL320_.jpg"
"YUANHOT - Ventilador de refrigeración para Xbox Series X, sistema de refrigeración de modo automático para Xbox Series X accesorios con 9 luces RGB coloridas, enfriador para consola Xbox Series X con","601..03","$61.00","https://m.media-amazon.com/images/I/71gnHGO08RL._AC_UL320_.jpg"
"Torre de almacenamiento de juegos, Soporte universal para juegos, Soporte Multifuncional de Almacenamiento, Soporte para Controlador Auricular Compatible con PS5, PS4, Xbox One, Xbox Series X/S","379..00","$38.46","https://m.media-amazon.com/images/I/711urGuFRcL._AC_UL320_.jpg"
"Razer Kaira Pro for Xbox - Wireless Gaming Headset for Xbox Series X|S - HALO Infinite Edition","5,479..00","$556.11","https://m.media-amazon.com/images/I/71OJq-o1b4L._AC_UL320_.jpg"
"Tecnu Dust Cover para Xbox Series X, Kit de Protección Funda Contra El Polvo para Xbox Series X, Accesorios Xbox Series X con 8 Tapones de Silicona y 4 Mallas de PVC","129..00","$13.09","https://m.media-amazon.com/images/I/61k43h+molL._AC_UL320_.jpg"
"Funturbo Xbox Series X Wall Mount - Metal Wall Mount with Ventilation Design for Xbox Series X","595..15","$198.38","https://m.media-amazon.com/images/I/81JxICv-C+L._AC_UL320_.jpg"
"Xbox Wireless Headset for Xbox Series X|S, Xbox One, and Windows 10 Devices (Renewed)","2,859..99","N/A","https://m.media-amazon.com/images/I/51oGCUHFVRL._AC_UL320_.jpg"
"Monzlteck Soporte debajo del computadora para Xbox Series X, soporte sigiloso para XSX","1,037..07","$105.26","https://m.media-amazon.com/images/I/516vySO3keL._AC_UL320_.jpg"
"Voltedge Kit de Bateria Recargable BX15 para Xbox Series X|S, Xbox One",".00","N/A","https://m.media-amazon.com/images/I/610Bh24mVSL._AC_UL320_.jpg"
"Genérico Joystick Refacción MAGNETICO Modulo de Repuesto Potenciometro Compatible con Control Series X, Series S y One S Pieza de Repuesto para Reparación Efecto Hall (1 Pieza)","149..00","$15.12","https://m.media-amazon.com/images/I/61xUxUz7kOL._AC_UL320_.jpg"
"Like a Dragon Pirate Yakuza in Hawaii Collectors Edition - Xbox Series X","2,914..94","$323.88","https://m.media-amazon.com/images/I/81DHeqtHHRL._AC_UL320_.jpg"
"Funda de filtro de polvo para Xbox Series X, 13pza Kit de accesorios xbox series x，incluye 2 pies de apoyo, 2 cubiertas traseras para filtros de polvo, 8 almohadillas de silicona","199..99","$20.29","https://m.media-amazon.com/images/I/71UfeALwGOL._AC_UL320_.jpg"
"Disney Illusion Island Starring Mickey & Friends - Xbox Series X","799..00","$81.09","https://m.media-amazon.com/images/I/81Dq-sBA7WL._AC_UL320_.jpg"
"Elden Ring - Xbox Series X - Xbox One Estándar Edition","1,312..00","$1,515.00","https://m.media-amazon.com/images/I/718Psopj65L._AC_UL320_.jpg"
"Western Digital WD_Black - Disco Duro Externo portátil de 5 TB P10 para Xbox One, con Pase de Juego Xbox de 2 Meses - WDBA5G0050BBK-WESN","2,809..00","$285.11","https://m.media-amazon.com/images/I/619eJKdF3TL._AC_UL320_.jpg"
"Control inalámbrico Xbox - Daystrike Camo - Special Edition","1,741..99","$2,124.48","https://m.media-amazon.com/images/I/618RVV0UNWS._AC_UL320_.jpg"
"RYEWGRV Cable de Alimentación Universal 2 Clavijas, 2PCS Cable de Alimentación Xbox Series X, 18 AWG, 1.5M, Compatible con TV, PS4 y Xbox One S/X, Parlantes y Impresoras(Negro)","199..00","$20.19","https://m.media-amazon.com/images/I/61Tf9JNqF+L._AC_UL320_.jpg"
"MightySkins - Skin compatible con Xbox Series X - Cyber Bot | Funda protectora duradera y única de vinilo | Fácil de aplicar, quitar y cambiar estilos | Fabricado en los Estados Unidos (MIXBSERX-Cyber","1,021..16","$103.64","https://m.media-amazon.com/images/I/61FOqPyx2QL._AC_UL320_.jpg"
"Lies of P - Xbox Series X",".00","N/A","https://m.media-amazon.com/images/I/81kRvsTMbDL._AC_UL320_.jpg"
"eXtremeRate Carcasa para Mando Xbox Series X S Protector Tacto Suave Placa Frontal Funda Delantera Reemplazo Kit Cubierta Cover Shell para Control de Xbox Series S X-No Incluye Mando(Rojo Escarlata)","305..15","$359.00","https://m.media-amazon.com/images/I/61NYwK-w6lS._AC_UL320_.jpg"
"Razer Wolverine V3 Pro Wireless Gaming Controller: Licensed for Xbox Series X|S, Xbox One, Windows PC - 6 Remappable Buttons - Fast Triggers - Customizable Thumbsticks - Wired Tournament Mode - Black","3,574..52","$4,261.79","https://m.media-amazon.com/images/I/718epTU-w-L._AC_UL320_.jpg"
"Logitech G923 TRUEFORCE Volante de Carreras y Pedales hasta 1000Hz Force Feedback, Pedales personalizables, Embrague Dual, Volante cubierto de Cuero Auténtico para Xbox Series X|S & One, PC - Negro","5,999..00","$608.89","https://m.media-amazon.com/images/I/51ZYhn6sctL._AC_UL320_.jpg"
"eXtremeRate ASR Versión Carcasa Frontal y Grips de Goma para Xbox Series X/S Mando, Funda con Empuñaduras y Anillos de Acento para Xbox Series X/S - No Incluye Mando (Azul a Violeta)","499..00","$50.64","https://m.media-amazon.com/images/I/71DYzBmXppL._AC_UL320_.jpg"
"Avowed Edición Premium Steelbook - Xbox Series X|S - Windows (Código Digital) - Premium Steelbook Edition","1,861..02","$188.89","https://m.media-amazon.com/images/I/61dC6em8FbL._AC_UL320_.jpg"
"Control Xbox inalámbrico Nocturnal Vapor - Edición Limitada Edition","1,699..00","$172.44","https://m.media-amazon.com/images/I/61K7lwQnJ1L._AC_UL320_.jpg"
"SteelSeries Arctis Nova 7X Wireless: Auriculares Multi-Plataforma con Sistema acústico Nova, inalámbrico 2.4GHz y Bluetooth simultáneos, batería de 38h, USB-C. Compatible con Xbox, PC, PS y Switch.","3,835..55","$4,899.00","https://m.media-amazon.com/images/I/71AKtHBrwgL._AC_UL320_.jpg"
"Combo 3 Videojuegos Xbox: Fifa 23, Dragon Ball Kakarot y Jojo´s Bizarre Adventure","599..00","$60.79","https://m.media-amazon.com/images/I/51r-76KtTYL._AC_UL320_.jpg"
"SUBSONIC Superdrive - GS650-X steering wheel with manual shifter, 3 pedals, and paddle shifters for Xbox Serie X/S, PS4, Xbox One (programmable for all games)","3,273..65","$272.80","https://m.media-amazon.com/images/I/81XeSVonSrL._AC_UL320_.jpg"
"MIGHTY SKINS Skin Compatible con Xbox Series X – Algodón Candy | Funda Protectora Duradera y única de Vinilo | Fácil de aplicar y Cambiar Estilos | Fabricado en los Estados Unidos (MIXBSERX-Cotton","1,106..87","$112.34","https://m.media-amazon.com/images/I/51NwFOz6OQL._AC_UL320_.jpg"
"PGmoon Carry Backpack Compatible with Xbox Series X/S Console, Travel Carrying Case with Separate Storage Room for Console, Headset, Controllers, Multiple Pockets for Gaming Accessories(Patent Design)","1,449..60","$161.06","https://m.media-amazon.com/images/I/81oopPEVfVL._AC_UL320_.jpg"
"Alan Wake II Deluxe Edition - Xbox Series X","1,055..86","$2,249.96","https://m.media-amazon.com/images/I/71LX9aRA9TL._AC_UL320_.jpg"
"playvital Cubierta Prueba del Polvo para Xbox Series X Funda contra Polvo de Nylón Guardapolvo Anti-Agua Diseño de Forro Suave Fácil Acceso para Xbox Series X - Payaso Jajaja","399..00","$40.49","https://m.media-amazon.com/images/I/817rRBtccxL._AC_UL320_.jpg"
"eXtremeRate Carcasa Transparente para Mando Xbox Series X S Carcasa Completa Protector Placa Trasera Funda Frontal Empuñadura Agarre con Botones para Control de Xbox Series S Series X-No Incluye Mando","519..00","$52.67","https://m.media-amazon.com/images/I/7187QXWwFSL._AC_UL320_.jpg"
"Xbox Series S 512GB (Neue Verpackung) - Series S (embalaje 2024) Edition","6,663..73","N/A","https://m.media-amazon.com/images/I/61izMxJpDiL._AC_UL320_.jpg"
"Street Fighter 6 Deluxe Edition para Xbox Series X","1,269..47","$1,949.00","https://m.media-amazon.com/images/I/81KVcBarw6L._AC_UL320_.jpg"
"Elden Ring Nightreign Deluxe Edition Amazon exclusive -Xbox Series X","1,399..00","$141.99","https://m.media-amazon.com/images/I/81vEznaiDqL._AC_UL320_.jpg"
"Brook Ras1ution X - Racing Wheel Converter for Xbox Series X|S, Xbox One, Xbox 360 | 60+ Steering Wheels Supported | Force Feedback & App Control","1,701..01","$189.00","https://m.media-amazon.com/images/I/81od-wcfBRL._AC_UL320_.jpg"
"VIVO Soporte de pared de acero diseñado para consola de juegos Xbox Series X, visualización horizontal y vertical, diseño abierto, negro, MOUNT-XSXU1","644..88","$65.45","https://m.media-amazon.com/images/I/71XxKKXYarL._AC_UL320_.jpg"
"Monster Hunter Wilds - Standard Edition - XSX","1,299..00","$1,799.00","https://m.media-amazon.com/images/I/811qU5frzKL._AC_UL320_.jpg"
"EXtremeRate Carcasa para Xbox Series S X Mando Protector Placa Frontal Funda Delantera Reemplazo Kit Cubierta Cover Shell para Xbox Series X S Control La Gran Ola Dorada-Negro)","359..00","$36.43","https://m.media-amazon.com/images/I/71Q4fAArLkL._AC_UL320_.jpg"
"Sniper Elite Resistance Deluxe Edition - Xbox Series X","2,103..46","$350.57","https://m.media-amazon.com/images/I/81t4kPYt+aL._AC_UL320_.jpg"
"UGREEN 4K@60Hz Capturadora de Video, HDMI a USB C Tarjeta de Captura Full HD 1080P@120Hz, USB 3.0 con VRR y HDR para Transmisión, Juegos, Compatible con Switch, PS5 PS4 Xbox Series X/S, DSLR Camera","1,999..00","$333.16","https://m.media-amazon.com/images/I/71b4+xxcl5L._AC_UL320_.jpg"
"Baldur's Gate 3 Deluxe Edition for Xbox Series X, Stickers, Soundtrack","4,443..00","$370.25","https://m.media-amazon.com/images/I/61DbrDKbF1L._AC_UL320_.jpg"
"8Bitdo Media Remote for Xbox One, Xbox Series X and Xbox Series S (Short Edition, Infrared Remote)","396..16","$132.05","https://m.media-amazon.com/images/I/51ycii-uxjL._AC_UL320_.jpg"
"Feirsh 4×2000mAh Pilas Recargables Xbox con Estación de Cargador Rápido y Luz LED,Batería Recargable Compatible con Xbox One/Xbox Series X|S Xbox One S/Xbox One X/Xbox One Elite","499..00","$50.64","https://m.media-amazon.com/images/I/81IwobPfgWL._AC_UL320_.jpg"
"Feirsh Pilas Recargables para Xbox Series X|S,Xbox One Elite,4x4800 mWh(2000mAh),Baterías Recargables para Xbox One con Estación de Carga Rápida para Control Xbox y RGB Luz LED","399..00","$40.49","https://m.media-amazon.com/images/I/710uBIHfPYL._AC_UL320_.jpg"
"Generic - Funda de consola para Xbox Series S/Series X, funda protectora antiarañazos, horizontal/vertical, repelente al agua, color negro, tela Oxford","240..56","$24.41","https://m.media-amazon.com/images/I/51hKYJ3x18L._AC_UL320_.jpg"
"Hzxkqmil Carcasa Trasera de Repuesto para Xbox Series X/S Control, Funda Tacto Suave Engomado Cubierta Posterior y Rieles Laterales para Xbox Core Mando (Rojo)","575..33","$191.77","https://m.media-amazon.com/images/I/51kC1EOIEjL._AC_UL320_.jpg"
"Turtle Beach VelocityOne Flightstick Universal Simulation Controller Joystick for Air & Space Combat Simulation - Xbox Series X, Xbox Series S, Xbox One, Windows 10, and Windows 11 PCs","2,740..96","N/A","https://m.media-amazon.com/images/I/711Z4axJF5L._AC_UL320_.jpg"
"MIGHTY SKINS Skin Compatible con Xbox Series X – Algodón Candy | Funda Protectora Duradera y única de Vinilo | Fácil de aplicar y Cambiar Estilos | Fabricado en los Estados Unidos (MIXBSERX-Cotton","1,106..87","$112.34","https://m.media-amazon.com/images/I/51NwFOz6OQL._AC_UL320_.jpg"
"Microsoft Xbox Series X|S Wireless Special Edition Controller - Stellar Shift (Renewed)",".00","N/A","https://m.media-amazon.com/images/I/61YtJXbH46L._AC_UL320_.jpg"
"playvital Cubierta Prueba del Polvo para Xbox Series X Funda contra Polvo de Nylón Guardapolvo Anti-Agua Diseño de Forro Suave Fácil Acceso para Xbox Series X - Payaso Jajaja","399..00","$40.49","https://m.media-amazon.com/images/I/817rRBtccxL._AC_UL320_.jpg"
"Alan Wake 2 Deluxe Edition - Xbox","1,293..71","N/A","https://m.media-amazon.com/images/I/81I+DZJ1jjL._AC_UL320_.jpg"
"Funda rígida Compatible con Control Xbox Gamepad Bolsa de Juegos Portátil para Xbox One Estuche viaje para Guardar y Proteger Mando inalámbrico Xbox Series X S o Core - Bolsa de almacenamiento","199..00","$20.19","https://m.media-amazon.com/images/I/81oz3Ff2snL._AC_UL320_.jpg"
"Brook Ras1ution X - Racing Wheel Converter for Xbox Series X|S, Xbox One, Xbox 360 | 60+ Steering Wheels Supported | Force Feedback & App Control","1,701..01","$189.00","https://m.media-amazon.com/images/I/81od-wcfBRL._AC_UL320_.jpg"
"PowerA Advantage Plus Wired Controller for Xbox Series X|S - Night Blossom","1,075..00","$109.11","https://m.media-amazon.com/images/I/71l3V+NWFfL._AC_UL320_.jpg"
"EXtremeRate Carcasa para Xbox Series S X Mando Protector Placa Frontal Funda Delantera Reemplazo Kit Cubierta Cover Shell para Xbox Series X S Control La Gran Ola Dorada-Negro)","359..00","$36.43","https://m.media-amazon.com/images/I/71Q4fAArLkL._AC_UL320_.jpg"
"Microsoft Xbox Series S or X Wireless Controller Robot White plus VGSION battery","1,583..75","$175.97","https://m.media-amazon.com/images/I/6109JzF6r3L._AC_UL320_.jpg"
"THE PRECINCT - LIMITED EDITION Xbox Series X (Import EU)","941..50","N/A","https://m.media-amazon.com/images/I/81BVeIcVvyL._AC_UL320_.jpg"
"UGREEN 4K@60Hz Capturadora de Video, HDMI a USB C Tarjeta de Captura Full HD 1080P@120Hz, USB 3.0 con VRR y HDR para Transmisión, Juegos, Compatible con Switch, PS5 PS4 Xbox Series X/S, DSLR Camera","1,999..00","$333.16","https://m.media-amazon.com/images/I/71b4+xxcl5L._AC_UL320_.jpg"
"Assassin's Creed Valhalla: Ragnarök Edition (Xbox Series X)","1,629..00","$271.50","https://m.media-amazon.com/images/I/81j+Sfk+TQL._AC_UL320_.jpg"
"Soporte de pared con soporte de carga de refrigeración para Xbox Series X/S, cargador vertical de doble driver, compatible con Xbox Series X/S, accesorios de consola con ventilador de refrigeración, 3","1,313..61","$145.95","https://m.media-amazon.com/images/I/71X3LT-LybL._AC_UL320_.jpg"
"RIG 800 Pro HX Auriculares inalámbricos para Juegos y estación Base multifunción con Licencia Oficial para Xbox Series X|S, Xbox One y Windows - Audio Dolby Atmos 3D - Batería de hasta 60 Horas","2,989..00","$303.38","https://m.media-amazon.com/images/I/81ap-M75KML._AC_UL320_.jpg"
"EXtremeRate PlayVital 3D Tachonado Diseño Funda de Silicona Antideslizante para Xbox Series X Mando, Funda Suave de Protección para Xbox Series S Mando con 6 Tapas de Joysticks - Negro","269..00","$27.30","https://m.media-amazon.com/images/I/71m9AhWMsyL._AC_UL320_.jpg"
"Microsoft Xbox One X 1TB, 4K Ultra HD Gaming Console, Black (Reacondicionado)","8,257..70","N/A","https://m.media-amazon.com/images/I/51TbRJ7YSTL._AC_UL320_.jpg"
"Elden Ring Shadow of the Eldtree - Xbox Series X","1,876..25","$1,999.00","https://m.media-amazon.com/images/I/816kSEhlCXL._AC_UL320_.jpg"